example,release_indicators,event_key,event,family,country,instrument,event_timestamp_utc,mode,reference_timestamp_utc,wait_to_reference_hours,horizon_hours,target_timestamp_utc,baseline_timestamp_utc,baseline_kind,baseline_age_hours,observation_timestamp_utc,elapsed_hours_since_event,co_release_count,status,log_return,return_pct
Same direction,CPI (MoM)  (Sep); CPI (YoY)  (Sep); Core CPI (MoM)  (Sep); Initial Jobless Claims,12cfb7891dd4a5a10e83547c935c5be55b8f0313e7376ecfa53b935cfe3571dc,CPI (YoY)  (Sep),united states: CPI (YoY),united states,HSI,2024-10-10T12:30:00+00:00,closed_at_release,2024-10-14T01:30:00+00:00,85.0,1,2024-10-14T02:30:00+00:00,2024-10-10T07:30:00+00:00,previous_observed_close,5.0,2024-10-14T02:30:00+00:00,86.0,4,ok,-0.02357126548747728,-2.329563312426997
Same direction,CPI (MoM)  (Sep); CPI (YoY)  (Sep); Core CPI (MoM)  (Sep); Initial Jobless Claims,12cfb7891dd4a5a10e83547c935c5be55b8f0313e7376ecfa53b935cfe3571dc,CPI (YoY)  (Sep),united states: CPI (YoY),united states,STOXX50E,2024-10-10T12:30:00+00:00,open_at_release,2024-10-10T12:30:00+00:00,0.0,1,2024-10-10T13:30:00+00:00,2024-10-10T12:00:00+00:00,previous_observed_close,0.5,2024-10-10T14:00:00+00:00,1.5,4,ok,-0.005584213622128552,-0.5568650883268077
Same direction,CPI (MoM)  (Sep); CPI (YoY)  (Sep); Core CPI (MoM)  (Sep); Initial Jobless Claims,12cfb7891dd4a5a10e83547c935c5be55b8f0313e7376ecfa53b935cfe3571dc,CPI (YoY)  (Sep),united states: CPI (YoY),united states,NDX,2024-10-10T12:30:00+00:00,closed_at_release,2024-10-10T13:30:00+00:00,1.0,1,2024-10-10T14:30:00+00:00,2024-10-09T19:30:00+00:00,previous_observed_close,17.0,2024-10-10T14:30:00+00:00,2.0,4,ok,-0.0012111724400216968,-0.12104392667116048
Different directions,10-Year Note Auction,947f840ab6c829828fee3baf59611919adb27fdacdadeddcf709dd3f37a449ad,10-Year Note Auction,united states: 10-Year Note Auction,united states,HSI,2024-10-09T17:00:00+00:00,closed_at_release,2024-10-10T01:30:00+00:00,8.5,1,2024-10-10T02:30:00+00:00,2024-10-09T07:30:00+00:00,previous_observed_close,9.5,2024-10-10T02:30:00+00:00,9.5,1,ok,0.03205467387441858,3.2573958580784046
Different directions,10-Year Note Auction,947f840ab6c829828fee3baf59611919adb27fdacdadeddcf709dd3f37a449ad,10-Year Note Auction,united states: 10-Year Note Auction,united states,STOXX50E,2024-10-09T17:00:00+00:00,closed_at_release,2024-10-10T07:00:00+00:00,14.0,1,2024-10-10T08:00:00+00:00,2024-10-09T15:00:00+00:00,previous_observed_close,2.0,2024-10-10T08:00:00+00:00,15.0,1,ok,-0.002442370215755228,-0.24393900563310922
Different directions,10-Year Note Auction,947f840ab6c829828fee3baf59611919adb27fdacdadeddcf709dd3f37a449ad,10-Year Note Auction,united states: 10-Year Note Auction,united states,NDX,2024-10-09T17:00:00+00:00,open_at_release,2024-10-09T17:00:00+00:00,0.0,1,2024-10-09T18:00:00+00:00,2024-10-09T16:30:00+00:00,previous_observed_close,0.5,2024-10-09T18:30:00+00:00,1.5,1,ok,0.0020392535249259157,0.20413342165075393
Increasing magnitude,Deposit Facility Rate  (Oct); ECB Interest Rate Decision  (Oct),479ee9b8121de635180cf272bdc1170f7a9b2f9340fb1fbca91fad3ef597aeab,Deposit Facility Rate  (Oct),euro zone: Deposit Facility Rate,euro zone,HSI,2024-10-17T12:15:00+00:00,closed_at_release,2024-10-18T01:30:00+00:00,13.25,1,2024-10-18T02:30:00+00:00,2024-10-17T07:30:00+00:00,previous_observed_close,4.75,2024-10-18T02:30:00+00:00,14.25,2,ok,0.007480099935354594,0.7508145767808116
Increasing magnitude,Deposit Facility Rate  (Oct); ECB Interest Rate Decision  (Oct),479ee9b8121de635180cf272bdc1170f7a9b2f9340fb1fbca91fad3ef597aeab,Deposit Facility Rate  (Oct),euro zone: Deposit Facility Rate,euro zone,STOXX50E,2024-10-17T12:15:00+00:00,open_at_release,2024-10-17T12:15:00+00:00,0.0,1,2024-10-17T13:15:00+00:00,2024-10-17T12:00:00+00:00,previous_observed_close,0.25,2024-10-17T14:00:00+00:00,1.75,2,ok,0.0013117721174263888,0.131263286679828
Increasing magnitude,Deposit Facility Rate  (Oct); ECB Interest Rate Decision  (Oct),479ee9b8121de635180cf272bdc1170f7a9b2f9340fb1fbca91fad3ef597aeab,Deposit Facility Rate  (Oct),euro zone: Deposit Facility Rate,euro zone,NDX,2024-10-17T12:15:00+00:00,closed_at_release,2024-10-17T13:30:00+00:00,1.25,1,2024-10-17T14:30:00+00:00,2024-10-16T19:30:00+00:00,previous_observed_close,16.75,2024-10-17T14:30:00+00:00,2.25,2,ok,0.004837151855267255,0.4848869760446517
