country,event_timestamp_utc,event_key,indicator_count,market_count,positive_count,negative_count,first_magnitude,second_magnitude,last_magnitude,distinct_observation_times,direction,increasing_magnitude
united states,2024-10-09T17:00:00+00:00,947f840ab6c829828fee3baf59611919adb27fdacdadeddcf709dd3f37a449ad,1,3,2,1,0.20413342165075393,3.2573958580784046,0.24393900563310922,3,mixed_direction,0
united states,2024-10-09T18:00:00+00:00,602b93778d6e49fb4e70683cd7f3ee38fef4d9b30ca4bfca83482c4fd673f7bb,1,3,1,1,0.07748796831259508,3.2573958580784046,0.24393900563310922,3,mixed_direction,0
united states,2024-10-10T12:30:00+00:00,12cfb7891dd4a5a10e83547c935c5be55b8f0313e7376ecfa53b935cfe3571dc,4,3,0,3,0.5568650883268077,0.12104392667116048,2.329563312426997,3,all_negative,0
united states,2024-10-10T17:00:00+00:00,ab0259f3af7c4b4232fdf905a9aebb65114324fa7eda602d7a1b7f7b89f66af9,1,3,1,2,0.27608710018185434,0.2521232336563761,2.329563312426997,3,mixed_direction,0
united states,2024-10-11T12:30:00+00:00,76e83fb0ec241aa8e90f45e4ccc473fbdbae1e0cfdac71eb4a37a0369a2d870e,1,3,2,1,0.30450717133183586,0.24583417609636005,2.329563312426997,3,mixed_direction,0
euro zone,2024-10-17T12:15:00+00:00,479ee9b8121de635180cf272bdc1170f7a9b2f9340fb1fbca91fad3ef597aeab,2,3,3,0,0.131263286679828,0.4848869760446517,0.7508145767808116,3,all_positive,1
united states,2024-10-17T12:30:00+00:00,82c82d8cd526030fbd5778c1432872fb8e597cbe67e1bc72e8d0c982dfb4a70d,4,3,3,0,0.131263286679828,0.4848869760446517,0.7508145767808116,3,all_positive,1
euro zone,2024-10-17T12:45:00+00:00,af826b4de4a9fe930490f01c8d3de10c6cb140cfdeffa63b33b210c2bec4749e,1,3,3,0,0.131263286679828,0.4848869760446517,0.7508145767808116,3,all_positive,1
canada,2024-10-23T13:45:00+00:00,685a33cc0f0ebbf8ff6435ec59d580dcfae68620d5e3b8c6d8e7e421ef6bb587,1,3,1,2,0.38688961123019006,0.7079617248424097,0.7762533436231122,3,mixed_direction,0
united states,2024-10-23T14:00:00+00:00,3c24da078f0acbb98a843595ef5f54daa5549b0aec79b5480a1e2510f6b1bd5b,1,3,0,2,0.04477702161178598,0.7079617248424097,0.7762533436231122,3,includes_neutral,0
united states,2024-10-24T12:30:00+00:00,bc05d68aa3f497440d1eca45ce443c7663df0bf9613444bb6e23b18f32c3396c,1,3,2,0,0.09043192826343473,0.6346279770056197,0.9041082144640054,3,includes_neutral,0
united states,2024-10-24T14:00:00+00:00,30ed0f7a59fed890faad768b8376bff0df48a8a761e55e2727374a061e267cf4,1,3,1,1,0.42134436049429125,0.010368530658300124,0.9041082144640054,3,mixed_direction,0
united states,2024-10-25T12:30:00+00:00,14fccfbaef7a5f1e4571d03830a9ef55b3d501e10705fd0714965ec797019731,1,3,2,1,0.10254055784320038,1.5077948541272423,0.12758720473126095,3,mixed_direction,0
united states,2024-10-29T14:00:00+00:00,5ead926a1cbdb27d1eea98553489ec3fafd11370d58db9eaf0afd930dfcc0cfd,2,3,1,2,0.1510723183975049,0.43535928769677923,0.7432662274535982,3,mixed_direction,0
united kingdom,2024-10-30T10:00:00+00:00,696835017213e4db6c5b7c91b6c919f2eec87b279273c510e3e2f07a701499ea,1,3,1,2,0.21605425749499085,0.22099672795876657,0.5294869664303814,3,mixed_direction,0
united states,2024-10-30T12:15:00+00:00,f5d1cbda5316be6b488c00646c3adc66511a010dc72a6b6d6d95dee4cb659025,1,3,2,1,0.11777863257966814,0.22099672795876657,0.5294869664303814,3,mixed_direction,0
united states,2024-10-30T12:30:00+00:00,f885e787b1a46238c2db5086c3db46635c3d871054dc397452ecddc8d47a84d4,1,3,2,1,0.11777863257966814,0.22099672795876657,0.5294869664303814,3,mixed_direction,0
germany,2024-10-30T13:00:00+00:00,e05a31063e8631b010751c555389333be9aac4ed34d8e6432cb5b5e0af4ab60e,1,3,2,1,0.322247655852248,0.22099672795876657,0.5294869664303814,3,mixed_direction,0
united states,2024-10-30T14:30:00+00:00,aebb8603a2207b2c5d21e5df961b3fe27c03d8ef1ccccccd8ed6461003492d83,1,3,2,0,0.05099742446850186,0.12582173732098578,0.5294869664303814,3,includes_neutral,0
euro zone,2024-10-31T10:00:00+00:00,6a7188ade19af27195075906d156a33cd201120512854c0efed493fdc33fbdb0,1,3,1,1,0.051595645730584394,2.0840732170443244,0.3450722798960637,3,mixed_direction,0
united states,2024-10-31T12:30:00+00:00,0e2a844a53c467df08c305a83a8541a09d1dd36d6c475cce8db08549e2845538,3,3,1,2,0.24225299720578297,2.0840732170443244,0.3450722798960637,3,mixed_direction,0
united states,2024-10-31T13:45:00+00:00,5213ec2afb6c46bcd2e75e8fe209de375524f0e739dd8a4a9c85db666e684f66,1,3,1,2,0.8885261954622692,1.2714887381777618,0.3450722798960637,3,mixed_direction,0
united states,2024-11-01T12:30:00+00:00,3f355e93b90a20a3197a4815f79cef27345c375ece12138ba372c08c81493904,3,3,2,0,0.016227966623749698,0.9723756949352238,0.23617922465706265,3,includes_neutral,0
united states,2024-11-01T14:00:00+00:00,2db76c39166734ccd99b7781cd683df4352c40353e78b1266b369baafcfa2fb8,2,3,3,0,0.21920338848393506,1.0191646684101219,0.23617922465706265,3,all_positive,0
united states,2024-11-05T10:00:00+00:00,268d974b1dd8af88e5c1a52c0afda1ffbddbd4876cb7f91611ed417d6234a1a3,1,3,1,2,0.14474210596853165,0.7506138984959333,0.8541495094528839,3,mixed_direction,0
united states,2024-11-05T15:00:00+00:00,bfc25c4c331fff62b03af535b641e64789eec805fb9d1f1b6fee6779d4499921,2,3,2,1,0.2825040812680424,0.6634038957235688,0.8541495094528839,3,mixed_direction,0
united states,2024-11-05T18:00:00+00:00,365d2ea40a16e2fe277a4ae245bf3630988c73fbcdffc2531c3e7572dbbaf8b7,1,3,1,2,0.14845214718358649,0.8541495094528839,1.483725578994255,3,mixed_direction,0
united states,2024-11-06T18:00:00+00:00,e501df89ea0102a9a1f8ed8f54a6cda439fe4e9d81c5373eb583599aaf36eea3,1,3,3,0,0.41585721309918,0.9068901824561326,0.5321883608596422,3,all_positive,0
united kingdom,2024-11-07T12:00:00+00:00,7de93d05045652a15762ce9fc7dd63202959c6debd6a4a30a83f73a6426c07b2,1,3,2,0,0.08397469024044034,1.0304032111463801,0.7887940095715695,3,includes_neutral,0
united states,2024-11-07T13:30:00+00:00,8aeb8d0b4a099c7d3b535cac237f7240a4321a0f7d6fa01850059b7b1932a4f8,1,3,3,0,0.7013408227116935,1.0304032111463801,0.7887940095715695,3,all_positive,0
united states,2024-11-07T19:00:00+00:00,06171af4d3a7d0babce4beab15f66e9b53801517fd0127ecb79e0a517074afb1,2,3,2,1,0.2771125378209671,0.7887940095715695,0.46847683100326165,3,mixed_direction,0
united states,2024-11-07T19:30:00+00:00,7c1a1b915f8c70a90a1832faaaa015c0222c83d1c963d5b2867bd33ede8116a0,1,3,2,1,0.21781709334798283,0.7887940095715695,0.46847683100326165,3,mixed_direction,0
united states,2024-11-13T13:30:00+00:00,75b8f757014b6ffca2b1460049af933109b0b1b8eb263bb0eaac8c5986453084,3,3,0,3,0.13447377518371884,0.36752125027667,0.542809941624911,3,all_negative,1
united states,2024-11-14T13:30:00+00:00,897dc4c61624e50b8d4ac881ca539f41fa584fb82e2c6cd3b4da348412ada7b4,2,3,2,1,0.354231841278807,0.36193767648656777,0.34987185662003206,3,mixed_direction,0
japan,2024-11-14T23:50:00+00:00,809f56175ee2b73ff425a01790bc5a985e6fdfceb351a9a841fe5ee1b20c3bc3,1,3,1,2,0.34987185662003206,0.20484234976778648,1.9967909767068859,3,mixed_direction,0
united states,2024-11-15T13:30:00+00:00,000b1227aba0869abc7cbf2a312d8e8b724aed7a096b45031aa3f5f01c3dbe05,2,3,1,2,0.2661913664280812,1.9967909767068859,1.5244450188805605,3,mixed_direction,0
euro zone,2024-11-19T10:00:00+00:00,d57dd84857e74621fda096501971c35fe4fe0e808cbba9469f70869ef70e8b10,1,3,1,1,0.18272191345842792,0.22432446838378528,0.020716410040977348,3,mixed_direction,0
united states,2024-11-21T13:30:00+00:00,732b0708a4495ee62b957567c26838571c188eea4c2f36d83834e5e405cd011a,2,3,1,2,0.23228939410278038,0.5489021150671181,0.1376711124023378,3,mixed_direction,0
united states,2024-11-21T15:00:00+00:00,a17e7fab1b59be466003f0f9bf62354c848122e96741fa952e94dee6c6441ec6,1,3,1,2,0.46222304010106186,0.3720454989123989,0.1376711124023378,3,mixed_direction,0
united states,2024-11-26T15:00:00+00:00,0a890a66d239bfce8484342449fbfe46ccf3cd11756a8929ca0f97d47b9a3a99,2,3,1,1,0.2928992964573607,0.03338726012147575,0.2593004833693069,3,mixed_direction,0
united states,2024-11-26T19:00:00+00:00,e556a82b980edca5e5103f50adc688701f8b7b1bea050c42ac5bc0515e3e42b1,1,3,1,1,0.01831212521752334,0.2593004833693069,0.6615843394268904,3,mixed_direction,0
united states,2024-11-27T13:30:00+00:00,2071456606ced718ca1f2f74f4a7cde5f1b9773c69ee95a9efdc1c27149d1c76,3,3,1,2,0.20821208807908492,0.82470168826998,1.1224663181964023,3,mixed_direction,0
united states,2024-11-27T15:00:00+00:00,191eae344cf592202fb1c90d6d9111b5f7db066eb86068b41ccf5ce03d56bf6a,2,3,0,2,0.0897391193895314,0.903218662646954,1.1224663181964023,3,includes_neutral,0
germany,2024-11-28T13:00:00+00:00,ada4295b82ba705eaa456153c73da058e92982250661ad4256c9a30d7b9e0a29,1,3,1,0,0.04033229213380452,0.01426271599864748,0.7336569790246993,3,includes_neutral,0
euro zone,2024-11-29T10:00:00+00:00,761160712066a0faf91cb10d46769ea8c3eae8d9133b5bd9db6a4b3a0d87ac13,1,3,2,0,0.050888834695994575,0.7336569790246993,0.7032187234751408,3,includes_neutral,0
united states,2024-11-29T14:45:00+00:00,5ff71e14a9f11fae80d0ea82b9a2d4a0345cbd9835b8bebc100e43d57e2b518c,1,3,3,0,0.670531491461679,0.7659899268675607,0.7032187234751408,3,all_positive,0
united states,2024-12-02T15:00:00+00:00,2cd2a0f113c6fafe4e7bf1efedd60da56ba94e80b02c123999d77d77a520dfb6,2,3,2,1,0.15611513453159812,0.7131967424390374,0.5657362952858347,3,mixed_direction,0
united states,2024-12-03T15:00:00+00:00,bbf82d97e061c25fb5e188588e1e2a70cf988ce93088f4e052891b86f3d5a0f6,1,3,2,0,0.16943192963037032,0.44614184628362075,0.006539431134888753,3,includes_neutral,0
united states,2024-12-04T13:15:00+00:00,b47e22b2d52aeec3ef35c975f3e5489c77b058f5768ac09c84629adf3cdb4e57,1,3,2,1,0.19401687271112242,0.9531266696390037,1.118581472156499,3,mixed_direction,0
united states,2024-12-04T15:00:00+00:00,82f31639c91033b1717ed53edb8d2bdf0cab2c64a45414732a83b242ff38a563,2,3,1,1,0.09804717089914036,0.23973575321294405,1.118581472156499,3,mixed_direction,0
united states,2024-12-04T18:45:00+00:00,9ec40e72eddb19a3a90e7e253d6855c974da5109d9f66504f2c08a214ae6ff1f,1,3,2,1,0.23587712502581848,1.118581472156499,0.5429580507803957,3,mixed_direction,0
united states,2024-12-05T13:30:00+00:00,f401f79c17f1a5b3ff2a160f2db69d0b8c24dc2caa57ddec7b41cb0a0a5f0425,1,3,1,0,0.0018182687788526053,0.020716347081162215,0.6952470927516163,3,includes_neutral,0
united states,2024-12-06T13:30:00+00:00,36ffadbc91a0bb9782f46601ce6a8f36502d255d5a9408ace590bbd0ad62f5c9,3,3,2,1,0.15074050131972383,0.7708606276764396,0.3659203577468296,3,mixed_direction,0
japan,2024-12-08T23:50:00+00:00,aec6f128ff7c6b4d7aa9ddccc37523637d6d3e3e654a3eeb06575dcac9fd39a8,1,3,2,1,0.3659203577468296,0.5343666621821841,0.4077724849404275,3,mixed_direction,0
united states,2024-12-11T13:30:00+00:00,5c2697d4b00fc6226a6837ba6ae4efb250f1c463ba90e61da0cf8abeea9f0187,3,3,3,0,0.14054387670392468,1.4974561979091083,0.48028006126583644,3,all_positive,0
canada,2024-12-11T14:45:00+00:00,bd8dad5cb6ac9a22c42ee6cb1b7e29678736aa1582b533c5ff8ed0e30916e983,1,3,2,1,0.1966505263953256,0.8389212299934501,0.48028006126583644,3,mixed_direction,0
united states,2024-12-11T18:00:00+00:00,72db4ea65e1c200018634f4614a608ca912497a78ad86226656f24bb68fa780d,1,3,2,0,0.09763128254338671,0.48028006126583644,0.23781978258392572,3,includes_neutral,0
euro zone,2024-12-12T13:15:00+00:00,2fff30b50751105fe4aaf00385244cc3ffae88c9ed24e3621d0dd88efa581165,2,3,1,2,0.25526104251609727,0.4886154562376066,1.7535675938007529,3,mixed_direction,0
united states,2024-12-12T13:30:00+00:00,836e75ac321904f60c0375dc299bcac8c4f290f967931164218e23be539f811b,2,3,1,2,0.25526104251609727,0.4886154562376066,1.7535675938007529,3,mixed_direction,0
euro zone,2024-12-12T13:45:00+00:00,06039b18a899cca731f57cdb76eb9b928c724a4add0d9da7474991da5961e411,1,3,1,2,0.25526104251609727,0.4886154562376066,1.7535675938007529,3,mixed_direction,0
united states,2024-12-12T18:00:00+00:00,6972430b1abc60fb0741bd00a9655509971b38a093086e5d76409cfa7f173162,1,3,1,2,0.2123110510446224,1.7535675938007529,0.2741238360866483,3,mixed_direction,0
united states,2024-12-17T13:30:00+00:00,2acccb8b73c883d2774b29c1caffa5699c978de7ae1c5f4e976cfa2907b9a4ab,2,3,1,1,0.06003902783559002,0.8809103832344569,0.44611468679760513,3,mixed_direction,0
euro zone,2024-12-18T10:00:00+00:00,ac6f2427c35fee2432b31b171849bad3ca93d18a614a71993d078217cf911c95,1,3,2,1,0.19604319259582953,0.21004556296322363,1.2579682435987172,3,mixed_direction,0
united states,2024-12-18T19:00:00+00:00,3017c9e5a6df083b76d0d49c5d949630db272f6a60478e624e651131aa3969c4,3,3,0,3,2.5377767426477242,1.2579682435987172,1.1659191414430947,3,all_negative,0
united states,2024-12-18T19:30:00+00:00,801312e7d39322a558372572a45689c42463dae1d3a2ef16d4da36e29625c1c3,1,3,0,3,1.6397292966498171,1.2579682435987172,1.1659191414430947,3,all_negative,0
united kingdom,2024-12-19T12:00:00+00:00,a2c7ac5b07bd28dddad01980ef7fbe308c581c04ed4560705b56b8183e59bc46,1,3,1,2,0.27397131529727226,0.9411412020885244,0.2848147373389454,3,mixed_direction,0
united states,2024-12-19T13:30:00+00:00,46d99296eef7a13562e303546a1b6ed5cae8f53fc3a7eb3d7f01eb2b8f25ec5b,3,3,0,3,0.303245160944876,0.9411412020885244,0.2848147373389454,3,all_negative,0
united states,2024-12-19T15:00:00+00:00,79ba90ce85128e2a8d2bddc6e46919ca90fd76a1bd5826dfdb419a93a147290e,1,3,0,2,0.007780960170489239,0.17778383241416895,0.2848147373389454,3,includes_neutral,0
united states,2024-12-20T13:30:00+00:00,45e2608ad151352ff8c019418ab17445985e43b739c659144b4a6421c9ddee73,2,3,2,0,0.21441706450107129,0.07248967892061753,0.25873035714143455,3,includes_neutral,0
united states,2024-12-23T13:30:00+00:00,bb78e238b44b690a2c527edae37d2b40fa58c3fb0730032e115579a4a1193647,1,3,1,1,0.04751300406115044,0.4554103058524772,1.205009657844247,3,mixed_direction,0
united states,2024-12-23T15:00:00+00:00,d9a2ebcc8c88171a990e3ff08b83065e4133c945bd868dcf4de9d1d7358398cc,2,3,1,1,0.37924980580340556,0.010107484784405152,1.205009657844247,3,mixed_direction,0
united states,2024-12-26T13:30:00+00:00,27c163711788c2f2fa67be83cd2139a3f6aa44ce21c9a99b08705756a79cbc54,1,3,1,1,0.07423671558948186,0.3146347440647124,0.6659540617973247,3,mixed_direction,0
united states,2024-12-27T18:00:00+00:00,19789081b7d6d36b3177383054289dac286b5206cdb4be8e9134b3347460dd72,1,3,1,2,0.47549393946970675,0.5433485284925488,0.13122421775475512,3,mixed_direction,0
