date,market,opening_utc,closing_utc,opening_brussels,closing_brussels
2024-07-10,HSI,2024-07-10T01:30:00+00:00,2024-07-10T04:00:00+00:00,2024-07-10T03:30:00+02:00,2024-07-10T06:00:00+02:00
2024-07-10,HSI,2024-07-10T05:00:00+00:00,2024-07-10T08:00:00+00:00,2024-07-10T07:00:00+02:00,2024-07-10T10:00:00+02:00
2024-07-10,STOXX50E,2024-07-10T07:00:00+00:00,2024-07-10T15:30:00+00:00,2024-07-10T09:00:00+02:00,2024-07-10T17:30:00+02:00
2024-07-10,NDX,2024-07-10T13:30:00+00:00,2024-07-10T20:00:00+00:00,2024-07-10T15:30:00+02:00,2024-07-10T22:00:00+02:00
2024-10-30,HSI,2024-10-30T01:30:00+00:00,2024-10-30T04:00:00+00:00,2024-10-30T02:30:00+01:00,2024-10-30T05:00:00+01:00
2024-10-30,HSI,2024-10-30T05:00:00+00:00,2024-10-30T08:00:00+00:00,2024-10-30T06:00:00+01:00,2024-10-30T09:00:00+01:00
2024-10-30,STOXX50E,2024-10-30T08:00:00+00:00,2024-10-30T16:30:00+00:00,2024-10-30T09:00:00+01:00,2024-10-30T17:30:00+01:00
2024-10-30,NDX,2024-10-30T13:30:00+00:00,2024-10-30T20:00:00+00:00,2024-10-30T14:30:00+01:00,2024-10-30T21:00:00+01:00
2024-12-10,HSI,2024-12-10T01:30:00+00:00,2024-12-10T04:00:00+00:00,2024-12-10T02:30:00+01:00,2024-12-10T05:00:00+01:00
2024-12-10,HSI,2024-12-10T05:00:00+00:00,2024-12-10T08:00:00+00:00,2024-12-10T06:00:00+01:00,2024-12-10T09:00:00+01:00
2024-12-10,STOXX50E,2024-12-10T08:00:00+00:00,2024-12-10T16:30:00+00:00,2024-12-10T09:00:00+01:00,2024-12-10T17:30:00+01:00
2024-12-10,NDX,2024-12-10T14:30:00+00:00,2024-12-10T21:00:00+00:00,2024-12-10T15:30:00+01:00,2024-12-10T22:00:00+01:00
