event,event_timestamp_utc,instrument,horizon_hours,base_timestamp_utc,target_timestamp_utc,status,log_return
Synthetic policy announcement,2024-01-02T12:00:00+00:00,DEMO_ASIA,1,2024-01-02T12:00:00+00:00,2024-01-02T13:00:00+00:00,ok,-0.0007531596270510049
Synthetic policy announcement,2024-01-02T12:00:00+00:00,DEMO_EU,1,2024-01-02T12:00:00+00:00,2024-01-02T13:00:00+00:00,ok,0.0020964024380800456
Synthetic policy announcement,2024-01-02T12:00:00+00:00,DEMO_US,1,2024-01-02T12:00:00+00:00,2024-01-02T13:00:00+00:00,ok,0.0021084550905015524
Synthetic inflation release,2024-01-03T12:00:00+00:00,DEMO_ASIA,1,2024-01-03T12:00:00+00:00,2024-01-03T13:00:00+00:00,ok,0.0031917654866472234
Synthetic inflation release,2024-01-03T12:00:00+00:00,DEMO_EU,1,2024-01-03T12:00:00+00:00,2024-01-03T13:00:00+00:00,ok,0.0031750208089185803
Synthetic inflation release,2024-01-03T12:00:00+00:00,DEMO_US,1,2024-01-03T12:00:00+00:00,2024-01-03T13:00:00+00:00,ok,0.0008914303914556607
Synthetic employment release,2024-01-04T12:00:00+00:00,DEMO_ASIA,1,2024-01-04T12:00:00+00:00,2024-01-04T13:00:00+00:00,ok,0.004082622433523609
Synthetic employment release,2024-01-04T12:00:00+00:00,DEMO_EU,1,2024-01-04T12:00:00+00:00,2024-01-04T13:00:00+00:00,ok,0.0010579195503538947
Synthetic employment release,2024-01-04T12:00:00+00:00,DEMO_US,1,2024-01-04T12:00:00+00:00,2024-01-04T13:00:00+00:00,ok,-0.0011105934214854889
Synthetic policy announcement,2024-01-02T12:00:00+00:00,DEMO_ASIA,2,2024-01-02T12:00:00+00:00,2024-01-02T14:00:00+00:00,ok,-0.0038783464764715492
Synthetic policy announcement,2024-01-02T12:00:00+00:00,DEMO_EU,2,2024-01-02T12:00:00+00:00,2024-01-02T14:00:00+00:00,ok,0.0014802908823949817
Synthetic policy announcement,2024-01-02T12:00:00+00:00,DEMO_US,2,2024-01-02T12:00:00+00:00,2024-01-02T14:00:00+00:00,ok,0.0034438458056738246
Synthetic inflation release,2024-01-03T12:00:00+00:00,DEMO_ASIA,2,2024-01-03T12:00:00+00:00,2024-01-03T14:00:00+00:00,ok,0.0029239792528522393
Synthetic inflation release,2024-01-03T12:00:00+00:00,DEMO_EU,2,2024-01-03T12:00:00+00:00,2024-01-03T14:00:00+00:00,ok,0.0055374007501560974
Synthetic inflation release,2024-01-03T12:00:00+00:00,DEMO_US,2,2024-01-03T12:00:00+00:00,2024-01-03T14:00:00+00:00,ok,0.0029564801804771307
Synthetic employment release,2024-01-04T12:00:00+00:00,DEMO_ASIA,2,2024-01-04T12:00:00+00:00,2024-01-04T14:00:00+00:00,ok,0.007557525068678888
Synthetic employment release,2024-01-04T12:00:00+00:00,DEMO_EU,2,2024-01-04T12:00:00+00:00,2024-01-04T14:00:00+00:00,ok,0.004105178150755957
Synthetic employment release,2024-01-04T12:00:00+00:00,DEMO_US,2,2024-01-04T12:00:00+00:00,2024-01-04T14:00:00+00:00,ok,-0.0004635684343053623
Synthetic policy announcement,2024-01-02T12:00:00+00:00,DEMO_ASIA,3,2024-01-02T12:00:00+00:00,2024-01-02T15:00:00+00:00,ok,-0.005959418343258701
Synthetic policy announcement,2024-01-02T12:00:00+00:00,DEMO_EU,3,2024-01-02T12:00:00+00:00,2024-01-02T15:00:00+00:00,ok,-0.0009190647774006622
Synthetic policy announcement,2024-01-02T12:00:00+00:00,DEMO_US,3,2024-01-02T12:00:00+00:00,2024-01-02T15:00:00+00:00,ok,0.0029653884212495936
Synthetic inflation release,2024-01-03T12:00:00+00:00,DEMO_ASIA,3,2024-01-03T12:00:00+00:00,2024-01-03T15:00:00+00:00,ok,-1.9518783444340583e-05
Synthetic inflation release,2024-01-03T12:00:00+00:00,DEMO_EU,3,2024-01-03T12:00:00+00:00,2024-01-03T15:00:00+00:00,ok,0.005285874014733015
Synthetic inflation release,2024-01-03T12:00:00+00:00,DEMO_US,3,2024-01-03T12:00:00+00:00,2024-01-03T15:00:00+00:00,ok,0.00447770009502578
Synthetic employment release,2024-01-04T12:00:00+00:00,DEMO_ASIA,3,2024-01-04T12:00:00+00:00,2024-01-04T15:00:00+00:00,ok,0.007775787675919671
Synthetic employment release,2024-01-04T12:00:00+00:00,DEMO_EU,3,2024-01-04T12:00:00+00:00,2024-01-04T15:00:00+00:00,ok,0.0066942450083460675
Synthetic employment release,2024-01-04T12:00:00+00:00,DEMO_US,3,2024-01-04T12:00:00+00:00,2024-01-04T15:00:00+00:00,ok,0.0015257730166233564
Synthetic policy announcement,2024-01-02T12:00:00+00:00,DEMO_ASIA,4,2024-01-02T12:00:00+00:00,2024-01-02T16:00:00+00:00,ok,-0.004526198592161879
Synthetic policy announcement,2024-01-02T12:00:00+00:00,DEMO_EU,4,2024-01-02T12:00:00+00:00,2024-01-02T16:00:00+00:00,ok,-0.0025325650461240023
Synthetic policy announcement,2024-01-02T12:00:00+00:00,DEMO_US,4,2024-01-02T12:00:00+00:00,2024-01-02T16:00:00+00:00,ok,0.0012947823128901693
Synthetic inflation release,2024-01-03T12:00:00+00:00,DEMO_ASIA,4,2024-01-03T12:00:00+00:00,2024-01-03T16:00:00+00:00,ok,-0.002399821755471312
Synthetic inflation release,2024-01-03T12:00:00+00:00,DEMO_EU,4,2024-01-03T12:00:00+00:00,2024-01-03T16:00:00+00:00,ok,0.003012580945373004
Synthetic inflation release,2024-01-03T12:00:00+00:00,DEMO_US,4,2024-01-03T12:00:00+00:00,2024-01-03T16:00:00+00:00,ok,0.004242599157680347
Synthetic employment release,2024-01-04T12:00:00+00:00,DEMO_ASIA,4,2024-01-04T12:00:00+00:00,2024-01-04T16:00:00+00:00,ok,0.005069702380436738
Synthetic employment release,2024-01-04T12:00:00+00:00,DEMO_EU,4,2024-01-04T12:00:00+00:00,2024-01-04T16:00:00+00:00,ok,0.006811368184013969
Synthetic employment release,2024-01-04T12:00:00+00:00,DEMO_US,4,2024-01-04T12:00:00+00:00,2024-01-04T16:00:00+00:00,ok,0.00320792100521075
Synthetic policy announcement,2024-01-02T12:00:00+00:00,DEMO_ASIA,5,2024-01-02T12:00:00+00:00,2024-01-02T17:00:00+00:00,ok,-0.00035897807640960827
Synthetic policy announcement,2024-01-02T12:00:00+00:00,DEMO_EU,5,2024-01-02T12:00:00+00:00,2024-01-02T17:00:00+00:00,ok,-0.0015054755895814375
Synthetic policy announcement,2024-01-02T12:00:00+00:00,DEMO_US,5,2024-01-02T12:00:00+00:00,2024-01-02T17:00:00+00:00,ok,0.00015014948619840839
Synthetic inflation release,2024-01-03T12:00:00+00:00,DEMO_ASIA,5,2024-01-03T12:00:00+00:00,2024-01-03T17:00:00+00:00,ok,-0.0014799710508765576
Synthetic inflation release,2024-01-03T12:00:00+00:00,DEMO_EU,5,2024-01-03T12:00:00+00:00,2024-01-03T17:00:00+00:00,ok,0.0011658245698107838
Synthetic inflation release,2024-01-03T12:00:00+00:00,DEMO_US,5,2024-01-03T12:00:00+00:00,2024-01-03T17:00:00+00:00,ok,0.0026489619313039797
Synthetic employment release,2024-01-04T12:00:00+00:00,DEMO_ASIA,5,2024-01-04T12:00:00+00:00,2024-01-04T17:00:00+00:00,ok,0.0024505642752296573
Synthetic employment release,2024-01-04T12:00:00+00:00,DEMO_EU,5,2024-01-04T12:00:00+00:00,2024-01-04T17:00:00+00:00,ok,0.0047080186966764045
Synthetic employment release,2024-01-04T12:00:00+00:00,DEMO_US,5,2024-01-04T12:00:00+00:00,2024-01-04T17:00:00+00:00,ok,0.0032213345391246904
Synthetic policy announcement,2024-01-02T12:00:00+00:00,DEMO_ASIA,6,2024-01-02T12:00:00+00:00,2024-01-02T18:00:00+00:00,ok,0.003247758507105374
Synthetic policy announcement,2024-01-02T12:00:00+00:00,DEMO_EU,6,2024-01-02T12:00:00+00:00,2024-01-02T18:00:00+00:00,ok,0.0015783109060343464
Synthetic policy announcement,2024-01-02T12:00:00+00:00,DEMO_US,6,2024-01-02T12:00:00+00:00,2024-01-02T18:00:00+00:00,ok,0.0007698616961261843
Synthetic inflation release,2024-01-03T12:00:00+00:00,DEMO_ASIA,6,2024-01-03T12:00:00+00:00,2024-01-03T18:00:00+00:00,ok,0.0024270178291229136
Synthetic inflation release,2024-01-03T12:00:00+00:00,DEMO_EU,6,2024-01-03T12:00:00+00:00,2024-01-03T18:00:00+00:00,ok,0.0018110459748322866
Synthetic inflation release,2024-01-03T12:00:00+00:00,DEMO_US,6,2024-01-03T12:00:00+00:00,2024-01-03T18:00:00+00:00,ok,0.0013426099478411298
Synthetic employment release,2024-01-04T12:00:00+00:00,DEMO_ASIA,6,2024-01-04T12:00:00+00:00,2024-01-04T18:00:00+00:00,ok,0.002866062316406072
Synthetic employment release,2024-01-04T12:00:00+00:00,DEMO_EU,6,2024-01-04T12:00:00+00:00,2024-01-04T18:00:00+00:00,ok,0.0026717685515591223
Synthetic employment release,2024-01-04T12:00:00+00:00,DEMO_US,6,2024-01-04T12:00:00+00:00,2024-01-04T18:00:00+00:00,ok,0.0017352315100311357
Synthetic policy announcement,2024-01-02T12:00:00+00:00,DEMO_ASIA,7,2024-01-02T12:00:00+00:00,2024-01-02T19:00:00+00:00,ok,0.0035383593028913748
Synthetic policy announcement,2024-01-02T12:00:00+00:00,DEMO_EU,7,2024-01-02T12:00:00+00:00,2024-01-02T19:00:00+00:00,ok,0.004243545756018526
Synthetic policy announcement,2024-01-02T12:00:00+00:00,DEMO_US,7,2024-01-02T12:00:00+00:00,2024-01-02T19:00:00+00:00,ok,0.002765398411619222
Synthetic inflation release,2024-01-03T12:00:00+00:00,DEMO_ASIA,7,2024-01-03T12:00:00+00:00,2024-01-03T19:00:00+00:00,ok,0.006255550744591352
Synthetic inflation release,2024-01-03T12:00:00+00:00,DEMO_EU,7,2024-01-03T12:00:00+00:00,2024-01-03T19:00:00+00:00,ok,0.00471367773764626
Synthetic inflation release,2024-01-03T12:00:00+00:00,DEMO_US,7,2024-01-03T12:00:00+00:00,2024-01-03T19:00:00+00:00,ok,0.0017096219949152408
Synthetic employment release,2024-01-04T12:00:00+00:00,DEMO_ASIA,7,2024-01-04T12:00:00+00:00,2024-01-04T19:00:00+00:00,ok,0.0064624256082172465
Synthetic employment release,2024-01-04T12:00:00+00:00,DEMO_EU,7,2024-01-04T12:00:00+00:00,2024-01-04T19:00:00+00:00,ok,0.002938158238332681
Synthetic employment release,2024-01-04T12:00:00+00:00,DEMO_US,7,2024-01-04T12:00:00+00:00,2024-01-04T19:00:00+00:00,ok,0.00029517379399267345
Synthetic policy announcement,2024-01-02T12:00:00+00:00,DEMO_ASIA,8,2024-01-02T12:00:00+00:00,2024-01-02T20:00:00+00:00,ok,0.0007929935848000224
Synthetic policy announcement,2024-01-02T12:00:00+00:00,DEMO_EU,8,2024-01-02T12:00:00+00:00,2024-01-02T20:00:00+00:00,ok,0.004412910233369855
Synthetic policy announcement,2024-01-02T12:00:00+00:00,DEMO_US,8,2024-01-02T12:00:00+00:00,2024-01-02T20:00:00+00:00,ok,0.004483014615940187
Synthetic inflation release,2024-01-03T12:00:00+00:00,DEMO_ASIA,8,2024-01-03T12:00:00+00:00,2024-01-03T20:00:00+00:00,ok,0.007035985709085683
Synthetic inflation release,2024-01-03T12:00:00+00:00,DEMO_EU,8,2024-01-03T12:00:00+00:00,2024-01-03T20:00:00+00:00,ok,0.007560049271807573
Synthetic inflation release,2024-01-03T12:00:00+00:00,DEMO_US,8,2024-01-03T12:00:00+00:00,2024-01-03T20:00:00+00:00,ok,0.003593714742556117
Synthetic employment release,2024-01-04T12:00:00+00:00,DEMO_ASIA,8,2024-01-04T12:00:00+00:00,2024-01-04T20:00:00+00:00,ok,0.010450365915900418
Synthetic employment release,2024-01-04T12:00:00+00:00,DEMO_EU,8,2024-01-04T12:00:00+00:00,2024-01-04T20:00:00+00:00,ok,0.00561927259800584
Synthetic employment release,2024-01-04T12:00:00+00:00,DEMO_US,8,2024-01-04T12:00:00+00:00,2024-01-04T20:00:00+00:00,ok,0.00040901653467137396
Synthetic policy announcement,2024-01-02T12:00:00+00:00,DEMO_ASIA,9,2024-01-02T12:00:00+00:00,2024-01-02T21:00:00+00:00,ok,-0.0019276700070267007
Synthetic policy announcement,2024-01-02T12:00:00+00:00,DEMO_EU,9,2024-01-02T12:00:00+00:00,2024-01-02T21:00:00+00:00,ok,0.002296373154504354
Synthetic policy announcement,2024-01-02T12:00:00+00:00,DEMO_US,9,2024-01-02T12:00:00+00:00,2024-01-02T21:00:00+00:00,ok,0.0045301588410896175
Synthetic inflation release,2024-01-03T12:00:00+00:00,DEMO_ASIA,9,2024-01-03T12:00:00+00:00,2024-01-03T21:00:00+00:00,ok,0.004593351947172728
Synthetic inflation release,2024-01-03T12:00:00+00:00,DEMO_EU,9,2024-01-03T12:00:00+00:00,2024-01-03T21:00:00+00:00,ok,0.008101640105858052
Synthetic inflation release,2024-01-03T12:00:00+00:00,DEMO_US,9,2024-01-03T12:00:00+00:00,2024-01-03T21:00:00+00:00,ok,0.005442069427112244
Synthetic employment release,2024-01-04T12:00:00+00:00,DEMO_ASIA,9,2024-01-04T12:00:00+00:00,2024-01-04T21:00:00+00:00,ok,0.011703208741581423
Synthetic employment release,2024-01-04T12:00:00+00:00,DEMO_EU,9,2024-01-04T12:00:00+00:00,2024-01-04T21:00:00+00:00,ok,0.008600662220223711
Synthetic employment release,2024-01-04T12:00:00+00:00,DEMO_US,9,2024-01-04T12:00:00+00:00,2024-01-04T21:00:00+00:00,ok,0.0021531783049747993
Synthetic policy announcement,2024-01-02T12:00:00+00:00,DEMO_ASIA,10,2024-01-02T12:00:00+00:00,2024-01-02T22:00:00+00:00,ok,-0.0015684784452502675
Synthetic policy announcement,2024-01-02T12:00:00+00:00,DEMO_EU,10,2024-01-02T12:00:00+00:00,2024-01-02T22:00:00+00:00,ok,0.00019961021808204016
Synthetic policy announcement,2024-01-02T12:00:00+00:00,DEMO_US,10,2024-01-02T12:00:00+00:00,2024-01-02T22:00:00+00:00,ok,0.00304675517242658
Synthetic inflation release,2024-01-03T12:00:00+00:00,DEMO_ASIA,10,2024-01-03T12:00:00+00:00,2024-01-03T22:00:00+00:00,ok,0.0017012616553636615
Synthetic inflation release,2024-01-03T12:00:00+00:00,DEMO_EU,10,2024-01-03T12:00:00+00:00,2024-01-03T22:00:00+00:00,ok,0.006204441512042905
Synthetic inflation release,2024-01-03T12:00:00+00:00,DEMO_US,10,2024-01-03T12:00:00+00:00,2024-01-03T22:00:00+00:00,ok,0.005740599572734612
Synthetic employment release,2024-01-04T12:00:00+00:00,DEMO_ASIA,10,2024-01-04T12:00:00+00:00,2024-01-04T22:00:00+00:00,ok,0.00960675532334078
Synthetic employment release,2024-01-04T12:00:00+00:00,DEMO_EU,10,2024-01-04T12:00:00+00:00,2024-01-04T22:00:00+00:00,ok,0.00950468632573886
Synthetic employment release,2024-01-04T12:00:00+00:00,DEMO_US,10,2024-01-04T12:00:00+00:00,2024-01-04T22:00:00+00:00,ok,0.004102153594999321
Synthetic policy announcement,2024-01-02T12:00:00+00:00,DEMO_ASIA,11,2024-01-02T12:00:00+00:00,2024-01-02T23:00:00+00:00,ok,0.002082720515904977
Synthetic policy announcement,2024-01-02T12:00:00+00:00,DEMO_EU,11,2024-01-02T12:00:00+00:00,2024-01-02T23:00:00+00:00,ok,0.00042013000022242966
Synthetic policy announcement,2024-01-02T12:00:00+00:00,DEMO_US,11,2024-01-02T12:00:00+00:00,2024-01-02T23:00:00+00:00,ok,0.0015773707105914765
Synthetic inflation release,2024-01-03T12:00:00+00:00,DEMO_ASIA,11,2024-01-03T12:00:00+00:00,2024-01-03T23:00:00+00:00,ok,0.0015626612642229976
Synthetic inflation release,2024-01-03T12:00:00+00:00,DEMO_EU,11,2024-01-03T12:00:00+00:00,2024-01-03T23:00:00+00:00,ok,0.00396838391719172
Synthetic inflation release,2024-01-03T12:00:00+00:00,DEMO_US,11,2024-01-03T12:00:00+00:00,2024-01-03T23:00:00+00:00,ok,0.004398031870551082
Synthetic employment release,2024-01-04T12:00:00+00:00,DEMO_ASIA,11,2024-01-04T12:00:00+00:00,2024-01-04T23:00:00+00:00,ok,0.006608656483628217
Synthetic employment release,2024-01-04T12:00:00+00:00,DEMO_EU,11,2024-01-04T12:00:00+00:00,2024-01-04T23:00:00+00:00,ok,0.007862275294730822
Synthetic employment release,2024-01-04T12:00:00+00:00,DEMO_US,11,2024-01-04T12:00:00+00:00,2024-01-04T23:00:00+00:00,ok,0.004647848024422775
Synthetic policy announcement,2024-01-02T12:00:00+00:00,DEMO_ASIA,12,2024-01-02T12:00:00+00:00,2024-01-03T00:00:00+00:00,ok,0.006199136565882275
Synthetic policy announcement,2024-01-02T12:00:00+00:00,DEMO_EU,12,2024-01-02T12:00:00+00:00,2024-01-03T00:00:00+00:00,ok,0.003118646899230037
Synthetic policy announcement,2024-01-02T12:00:00+00:00,DEMO_US,12,2024-01-02T12:00:00+00:00,2024-01-03T00:00:00+00:00,ok,0.0016584117853394192
Synthetic inflation release,2024-01-03T12:00:00+00:00,DEMO_ASIA,12,2024-01-03T12:00:00+00:00,2024-01-04T00:00:00+00:00,ok,0.004842671803206323
Synthetic inflation release,2024-01-03T12:00:00+00:00,DEMO_EU,12,2024-01-03T12:00:00+00:00,2024-01-04T00:00:00+00:00,ok,0.0038144165964625713
Synthetic inflation release,2024-01-03T12:00:00+00:00,DEMO_US,12,2024-01-03T12:00:00+00:00,2024-01-04T00:00:00+00:00,ok,0.002828272268948904
Synthetic employment release,2024-01-04T12:00:00+00:00,DEMO_ASIA,12,2024-01-04T12:00:00+00:00,2024-01-05T00:00:00+00:00,ok,0.005999273504344849
Synthetic employment release,2024-01-04T12:00:00+00:00,DEMO_EU,12,2024-01-04T12:00:00+00:00,2024-01-05T00:00:00+00:00,ok,0.00553555723007159
Synthetic employment release,2024-01-04T12:00:00+00:00,DEMO_US,12,2024-01-04T12:00:00+00:00,2024-01-05T00:00:00+00:00,ok,0.0034716250822823566
Synthetic policy announcement,2024-01-02T12:00:00+00:00,DEMO_ASIA,13,2024-01-02T12:00:00+00:00,2024-01-03T01:00:00+00:00,ok,0.007549906684430942
Synthetic policy announcement,2024-01-02T12:00:00+00:00,DEMO_EU,13,2024-01-02T12:00:00+00:00,2024-01-03T01:00:00+00:00,ok,0.006170585269686988
Synthetic policy announcement,2024-01-02T12:00:00+00:00,DEMO_US,13,2024-01-02T12:00:00+00:00,2024-01-03T01:00:00+00:00,ok,0.003398153222627702
Synthetic inflation release,2024-01-03T12:00:00+00:00,DEMO_ASIA,13,2024-01-03T12:00:00+00:00,2024-01-04T01:00:00+00:00,ok,0.009047310116231735
Synthetic inflation release,2024-01-03T12:00:00+00:00,DEMO_EU,13,2024-01-03T12:00:00+00:00,2024-01-04T01:00:00+00:00,ok,0.006245818955510295
Synthetic inflation release,2024-01-03T12:00:00+00:00,DEMO_US,13,2024-01-03T12:00:00+00:00,2024-01-04T01:00:00+00:00,ok,0.002658625707112738
Synthetic employment release,2024-01-04T12:00:00+00:00,DEMO_ASIA,13,2024-01-04T12:00:00+00:00,2024-01-05T01:00:00+00:00,ok,0.008871673364170014
Synthetic employment release,2024-01-04T12:00:00+00:00,DEMO_EU,13,2024-01-04T12:00:00+00:00,2024-01-05T01:00:00+00:00,ok,0.005023992332038329
Synthetic employment release,2024-01-04T12:00:00+00:00,DEMO_US,13,2024-01-04T12:00:00+00:00,2024-01-05T01:00:00+00:00,ok,0.00183349476142681
Synthetic policy announcement,2024-01-02T12:00:00+00:00,DEMO_ASIA,14,2024-01-02T12:00:00+00:00,2024-01-03T02:00:00+00:00,ok,0.005445390656996208
Synthetic policy announcement,2024-01-02T12:00:00+00:00,DEMO_EU,14,2024-01-02T12:00:00+00:00,2024-01-03T02:00:00+00:00,ok,0.007139657155880879
Synthetic policy announcement,2024-01-02T12:00:00+00:00,DEMO_US,14,2024-01-02T12:00:00+00:00,2024-01-03T02:00:00+00:00,ok,0.005376636745637883
Synthetic inflation release,2024-01-03T12:00:00+00:00,DEMO_ASIA,14,2024-01-03T12:00:00+00:00,2024-01-04T02:00:00+00:00,ok,0.010853282114775303
Synthetic inflation release,2024-01-03T12:00:00+00:00,DEMO_EU,14,2024-01-03T12:00:00+00:00,2024-01-04T02:00:00+00:00,ok,0.009379669105019925
Synthetic inflation release,2024-01-03T12:00:00+00:00,DEMO_US,14,2024-01-03T12:00:00+00:00,2024-01-04T02:00:00+00:00,ok,0.0042277598747420585
Synthetic employment release,2024-01-04T12:00:00+00:00,DEMO_ASIA,14,2024-01-04T12:00:00+00:00,2024-01-05T02:00:00+00:00,ok,0.01309929088772187
Synthetic employment release,2024-01-04T12:00:00+00:00,DEMO_EU,14,2024-01-04T12:00:00+00:00,2024-01-05T02:00:00+00:00,ok,0.007157749934628624
Synthetic employment release,2024-01-04T12:00:00+00:00,DEMO_US,14,2024-01-04T12:00:00+00:00,2024-01-05T02:00:00+00:00,ok,0.0014221084453066035
Synthetic policy announcement,2024-01-02T12:00:00+00:00,DEMO_ASIA,15,2024-01-02T12:00:00+00:00,2024-01-03T03:00:00+00:00,ok,0.0023539538138463963
Synthetic policy announcement,2024-01-02T12:00:00+00:00,DEMO_EU,15,2024-01-02T12:00:00+00:00,2024-01-03T03:00:00+00:00,ok,0.005503595897722111
Synthetic policy announcement,2024-01-02T12:00:00+00:00,DEMO_US,15,2024-01-02T12:00:00+00:00,2024-01-03T03:00:00+00:00,ok,0.005960170973496978
Synthetic inflation release,2024-01-03T12:00:00+00:00,DEMO_ASIA,15,2024-01-03T12:00:00+00:00,2024-01-04T03:00:00+00:00,ok,0.009146893602368643
Synthetic inflation release,2024-01-03T12:00:00+00:00,DEMO_EU,15,2024-01-03T12:00:00+00:00,2024-01-04T03:00:00+00:00,ok,0.0106989363440978
Synthetic inflation release,2024-01-03T12:00:00+00:00,DEMO_US,15,2024-01-03T12:00:00+00:00,2024-01-04T03:00:00+00:00,ok,0.006271495317887109
Synthetic employment release,2024-01-04T12:00:00+00:00,DEMO_ASIA,15,2024-01-04T12:00:00+00:00,2024-01-05T03:00:00+00:00,ok,0.015326415678527936
Synthetic employment release,2024-01-04T12:00:00+00:00,DEMO_EU,15,2024-01-04T12:00:00+00:00,2024-01-05T03:00:00+00:00,ok,0.010324215003107876
Synthetic employment release,2024-01-04T12:00:00+00:00,DEMO_US,15,2024-01-04T12:00:00+00:00,2024-01-05T03:00:00+00:00,ok,0.002798223849129768
Synthetic policy announcement,2024-01-02T12:00:00+00:00,DEMO_ASIA,16,2024-01-02T12:00:00+00:00,2024-01-03T04:00:00+00:00,ok,0.0016654497461172965
Synthetic policy announcement,2024-01-02T12:00:00+00:00,DEMO_EU,16,2024-01-02T12:00:00+00:00,2024-01-03T04:00:00+00:00,ok,0.0031247457530447554
Synthetic policy announcement,2024-01-02T12:00:00+00:00,DEMO_US,16,2024-01-02T12:00:00+00:00,2024-01-03T04:00:00+00:00,ok,0.004797055445319737
Synthetic inflation release,2024-01-03T12:00:00+00:00,DEMO_ASIA,16,2024-01-03T12:00:00+00:00,2024-01-04T04:00:00+00:00,ok,0.006023528919266172
Synthetic inflation release,2024-01-03T12:00:00+00:00,DEMO_EU,16,2024-01-03T12:00:00+00:00,2024-01-04T04:00:00+00:00,ok,0.00935724736606732
Synthetic inflation release,2024-01-03T12:00:00+00:00,DEMO_US,16,2024-01-03T12:00:00+00:00,2024-01-04T04:00:00+00:00,ok,0.007094455347035258
Synthetic employment release,2024-01-04T12:00:00+00:00,DEMO_ASIA,16,2024-01-04T12:00:00+00:00,2024-01-05T04:00:00+00:00,ok,0.01404612159636741
Synthetic employment release,2024-01-04T12:00:00+00:00,DEMO_EU,16,2024-01-04T12:00:00+00:00,2024-01-05T04:00:00+00:00,ok,0.011970854825695548
Synthetic employment release,2024-01-04T12:00:00+00:00,DEMO_US,16,2024-01-04T12:00:00+00:00,2024-01-05T04:00:00+00:00,ok,0.004874285845892862
Synthetic policy announcement,2024-01-02T12:00:00+00:00,DEMO_ASIA,17,2024-01-02T12:00:00+00:00,2024-01-03T05:00:00+00:00,ok,0.004559990615992877
Synthetic policy announcement,2024-01-02T12:00:00+00:00,DEMO_EU,17,2024-01-02T12:00:00+00:00,2024-01-03T05:00:00+00:00,ok,0.0025566198424844828
Synthetic policy announcement,2024-01-02T12:00:00+00:00,DEMO_US,17,2024-01-02T12:00:00+00:00,2024-01-03T05:00:00+00:00,ok,0.003136786557181112
Synthetic inflation release,2024-01-03T12:00:00+00:00,DEMO_ASIA,17,2024-01-03T12:00:00+00:00,2024-01-04T05:00:00+00:00,ok,0.004891787576273727
Synthetic inflation release,2024-01-03T12:00:00+00:00,DEMO_EU,17,2024-01-03T12:00:00+00:00,2024-01-04T05:00:00+00:00,ok,0.0069432111920913805
Synthetic inflation release,2024-01-03T12:00:00+00:00,DEMO_US,17,2024-01-03T12:00:00+00:00,2024-01-04T05:00:00+00:00,ok,0.006124569986245985
Synthetic employment release,2024-01-04T12:00:00+00:00,DEMO_ASIA,17,2024-01-04T12:00:00+00:00,2024-01-05T05:00:00+00:00,ok,0.010956023001108874
Synthetic employment release,2024-01-04T12:00:00+00:00,DEMO_EU,17,2024-01-04T12:00:00+00:00,2024-01-05T05:00:00+00:00,ok,0.010947855959471583
Synthetic employment release,2024-01-04T12:00:00+00:00,DEMO_US,17,2024-01-04T12:00:00+00:00,2024-01-05T05:00:00+00:00,ok,0.005923411774016713
Synthetic policy announcement,2024-01-02T12:00:00+00:00,DEMO_ASIA,18,2024-01-02T12:00:00+00:00,2024-01-03T06:00:00+00:00,ok,0.008903690321836345
Synthetic policy announcement,2024-01-02T12:00:00+00:00,DEMO_EU,18,2024-01-02T12:00:00+00:00,2024-01-03T06:00:00+00:00,ok,0.0046879018698092615
Synthetic policy announcement,2024-01-02T12:00:00+00:00,DEMO_US,18,2024-01-02T12:00:00+00:00,2024-01-03T06:00:00+00:00,ok,0.00268989509435489
Synthetic inflation release,2024-01-03T12:00:00+00:00,DEMO_ASIA,18,2024-01-03T12:00:00+00:00,2024-01-04T06:00:00+00:00,ok,0.007333651308804357
Synthetic inflation release,2024-01-03T12:00:00+00:00,DEMO_EU,18,2024-01-03T12:00:00+00:00,2024-01-04T06:00:00+00:00,ok,0.006037574542372595
Synthetic inflation release,2024-01-03T12:00:00+00:00,DEMO_US,18,2024-01-03T12:00:00+00:00,2024-01-04T06:00:00+00:00,ok,0.004432964256554364
Synthetic employment release,2024-01-04T12:00:00+00:00,DEMO_ASIA,18,2024-01-04T12:00:00+00:00,2024-01-05T06:00:00+00:00,ok,0.009423762676744373
Synthetic employment release,2024-01-04T12:00:00+00:00,DEMO_EU,18,2024-01-04T12:00:00+00:00,2024-01-05T06:00:00+00:00,ok,0.008548219963896205
Synthetic employment release,2024-01-04T12:00:00+00:00,DEMO_US,18,2024-01-04T12:00:00+00:00,2024-01-05T06:00:00+00:00,ok,0.005165231044914187
Synthetic policy announcement,2024-01-02T12:00:00+00:00,DEMO_ASIA,19,2024-01-02T12:00:00+00:00,2024-01-03T07:00:00+00:00,ok,0.011247468295570757
Synthetic policy announcement,2024-01-02T12:00:00+00:00,DEMO_EU,19,2024-01-02T12:00:00+00:00,2024-01-03T07:00:00+00:00,ok,0.007914225274003362
Synthetic policy announcement,2024-01-02T12:00:00+00:00,DEMO_US,19,2024-01-02T12:00:00+00:00,2024-01-03T07:00:00+00:00,ok,0.004051465129278668
Synthetic inflation release,2024-01-03T12:00:00+00:00,DEMO_ASIA,19,2024-01-03T12:00:00+00:00,2024-01-04T07:00:00+00:00,ok,0.011624929474399455
Synthetic inflation release,2024-01-03T12:00:00+00:00,DEMO_EU,19,2024-01-03T12:00:00+00:00,2024-01-04T07:00:00+00:00,ok,0.007837062558359923
Synthetic inflation release,2024-01-03T12:00:00+00:00,DEMO_US,19,2024-01-03T12:00:00+00:00,2024-01-04T07:00:00+00:00,ok,0.0037573454928927987
Synthetic employment release,2024-01-04T12:00:00+00:00,DEMO_ASIA,19,2024-01-04T12:00:00+00:00,2024-01-05T07:00:00+00:00,ok,0.01139339034897107
Synthetic employment release,2024-01-04T12:00:00+00:00,DEMO_EU,19,2024-01-04T12:00:00+00:00,2024-01-05T07:00:00+00:00,ok,0.007334390813317527
Synthetic employment release,2024-01-04T12:00:00+00:00,DEMO_US,19,2024-01-04T12:00:00+00:00,2024-01-05T07:00:00+00:00,ok,0.0034756845566960514
Synthetic policy announcement,2024-01-02T12:00:00+00:00,DEMO_ASIA,20,2024-01-02T12:00:00+00:00,2024-01-03T08:00:00+00:00,ok,0.00999172505567783
Synthetic policy announcement,2024-01-02T12:00:00+00:00,DEMO_EU,20,2024-01-02T12:00:00+00:00,2024-01-03T08:00:00+00:00,ok,0.009634009472577658
Synthetic policy announcement,2024-01-02T12:00:00+00:00,DEMO_US,20,2024-01-02T12:00:00+00:00,2024-01-03T08:00:00+00:00,ok,0.006148873106400906
Synthetic inflation release,2024-01-03T12:00:00+00:00,DEMO_ASIA,20,2024-01-03T12:00:00+00:00,2024-01-04T08:00:00+00:00,ok,0.01435311528074043
Synthetic inflation release,2024-01-03T12:00:00+00:00,DEMO_EU,20,2024-01-03T12:00:00+00:00,2024-01-04T08:00:00+00:00,ok,0.011039530734374274
Synthetic inflation release,2024-01-03T12:00:00+00:00,DEMO_US,20,2024-01-03T12:00:00+00:00,2024-01-04T08:00:00+00:00,ok,0.004902783815001119
Synthetic employment release,2024-01-04T12:00:00+00:00,DEMO_ASIA,20,2024-01-04T12:00:00+00:00,2024-01-05T08:00:00+00:00,ok,0.015569319571650695
Synthetic employment release,2024-01-04T12:00:00+00:00,DEMO_EU,20,2024-01-04T12:00:00+00:00,2024-01-05T08:00:00+00:00,ok,0.008783829277890398
Synthetic employment release,2024-01-04T12:00:00+00:00,DEMO_US,20,2024-01-04T12:00:00+00:00,2024-01-05T08:00:00+00:00,ok,0.002588958328039576
Synthetic policy announcement,2024-01-02T12:00:00+00:00,DEMO_ASIA,21,2024-01-02T12:00:00+00:00,2024-01-03T09:00:00+00:00,ok,0.006825051525858333
Synthetic policy announcement,2024-01-02T12:00:00+00:00,DEMO_EU,21,2024-01-02T12:00:00+00:00,2024-01-03T09:00:00+00:00,ok,0.008636775577761106
Synthetic policy announcement,2024-01-02T12:00:00+00:00,DEMO_US,21,2024-01-02T12:00:00+00:00,2024-01-03T09:00:00+00:00,ok,0.007237081682854483
Synthetic inflation release,2024-01-03T12:00:00+00:00,DEMO_ASIA,21,2024-01-03T12:00:00+00:00,2024-01-04T09:00:00+00:00,ok,0.013558119977349776
Synthetic inflation release,2024-01-03T12:00:00+00:00,DEMO_EU,21,2024-01-03T12:00:00+00:00,2024-01-04T09:00:00+00:00,ok,0.013059670982007951
Synthetic inflation release,2024-01-03T12:00:00+00:00,DEMO_US,21,2024-01-03T12:00:00+00:00,2024-01-04T09:00:00+00:00,ok,0.006994753946867103
Synthetic employment release,2024-01-04T12:00:00+00:00,DEMO_ASIA,21,2024-01-04T12:00:00+00:00,2024-01-05T09:00:00+00:00,ok,0.018633983517933515
Synthetic employment release,2024-01-04T12:00:00+00:00,DEMO_EU,21,2024-01-04T12:00:00+00:00,2024-01-05T09:00:00+00:00,ok,0.011913880992498687
Synthetic employment release,2024-01-04T12:00:00+00:00,DEMO_US,21,2024-01-04T12:00:00+00:00,2024-01-05T09:00:00+00:00,ok,0.0035037161571695287
Synthetic policy announcement,2024-01-02T12:00:00+00:00,DEMO_ASIA,22,2024-01-02T12:00:00+00:00,2024-01-03T10:00:00+00:00,ok,0.005198734845143599
Synthetic policy announcement,2024-01-02T12:00:00+00:00,DEMO_EU,22,2024-01-02T12:00:00+00:00,2024-01-03T10:00:00+00:00,ok,0.006198022745860809
Synthetic policy announcement,2024-01-02T12:00:00+00:00,DEMO_US,22,2024-01-02T12:00:00+00:00,2024-01-03T10:00:00+00:00,ok,0.006501484871891476
Synthetic inflation release,2024-01-03T12:00:00+00:00,DEMO_ASIA,22,2024-01-03T12:00:00+00:00,2024-01-04T10:00:00+00:00,ok,0.010499474604668388
Synthetic inflation release,2024-01-03T12:00:00+00:00,DEMO_EU,22,2024-01-03T12:00:00+00:00,2024-01-04T10:00:00+00:00,ok,0.012407851134672977
Synthetic inflation release,2024-01-03T12:00:00+00:00,DEMO_US,22,2024-01-03T12:00:00+00:00,2024-01-04T10:00:00+00:00,ok,0.008291409617853487
Synthetic employment release,2024-01-04T12:00:00+00:00,DEMO_ASIA,22,2024-01-04T12:00:00+00:00,2024-01-05T10:00:00+00:00,ok,0.01831022065251519
Synthetic employment release,2024-01-04T12:00:00+00:00,DEMO_EU,22,2024-01-04T12:00:00+00:00,2024-01-05T10:00:00+00:00,ok,0.014200357393000063
Synthetic employment release,2024-01-04T12:00:00+00:00,DEMO_US,22,2024-01-04T12:00:00+00:00,2024-01-05T10:00:00+00:00,ok,0.0055571363766965046
Synthetic policy announcement,2024-01-02T12:00:00+00:00,DEMO_ASIA,23,2024-01-02T12:00:00+00:00,2024-01-03T11:00:00+00:00,ok,0.0071575577758945545
Synthetic policy announcement,2024-01-02T12:00:00+00:00,DEMO_EU,23,2024-01-02T12:00:00+00:00,2024-01-03T11:00:00+00:00,ok,0.0049221273434640654
Synthetic policy announcement,2024-01-02T12:00:00+00:00,DEMO_US,23,2024-01-02T12:00:00+00:00,2024-01-03T11:00:00+00:00,ok,0.0047988643338241765
Synthetic inflation release,2024-01-03T12:00:00+00:00,DEMO_ASIA,23,2024-01-03T12:00:00+00:00,2024-01-04T11:00:00+00:00,ok,0.008518736426827803
Synthetic inflation release,2024-01-03T12:00:00+00:00,DEMO_EU,23,2024-01-03T12:00:00+00:00,2024-01-04T11:00:00+00:00,ok,0.010039796516323316
Synthetic inflation release,2024-01-03T12:00:00+00:00,DEMO_US,23,2024-01-03T12:00:00+00:00,2024-01-04T11:00:00+00:00,ok,0.007785878146823139
Synthetic employment release,2024-01-04T12:00:00+00:00,DEMO_ASIA,23,2024-01-04T12:00:00+00:00,2024-01-05T11:00:00+00:00,ok,0.015419468398880708
Synthetic employment release,2024-01-04T12:00:00+00:00,DEMO_EU,23,2024-01-04T12:00:00+00:00,2024-01-05T11:00:00+00:00,ok,0.013905321601347928
Synthetic employment release,2024-01-04T12:00:00+00:00,DEMO_US,23,2024-01-04T12:00:00+00:00,2024-01-05T11:00:00+00:00,ok,0.007041020821594234
Synthetic policy announcement,2024-01-02T12:00:00+00:00,DEMO_ASIA,24,2024-01-02T12:00:00+00:00,2024-01-03T12:00:00+00:00,ok,0.011429171648509887
Synthetic policy announcement,2024-01-02T12:00:00+00:00,DEMO_EU,24,2024-01-02T12:00:00+00:00,2024-01-03T12:00:00+00:00,ok,0.006350073470101419
Synthetic policy announcement,2024-01-02T12:00:00+00:00,DEMO_US,24,2024-01-02T12:00:00+00:00,2024-01-03T12:00:00+00:00,ok,0.00387691099537899
Synthetic inflation release,2024-01-03T12:00:00+00:00,DEMO_ASIA,24,2024-01-03T12:00:00+00:00,2024-01-04T12:00:00+00:00,ok,0.009979321927210827
Synthetic inflation release,2024-01-03T12:00:00+00:00,DEMO_EU,24,2024-01-03T12:00:00+00:00,2024-01-04T12:00:00+00:00,ok,0.008489806081422514
Synthetic inflation release,2024-01-03T12:00:00+00:00,DEMO_US,24,2024-01-03T12:00:00+00:00,2024-01-04T12:00:00+00:00,ok,0.006123116542589736
Synthetic employment release,2024-01-04T12:00:00+00:00,DEMO_ASIA,24,2024-01-04T12:00:00+00:00,2024-01-05T12:00:00+00:00,ok,0.01313916597409085
Synthetic employment release,2024-01-04T12:00:00+00:00,DEMO_EU,24,2024-01-04T12:00:00+00:00,2024-01-05T12:00:00+00:00,ok,0.011654581228935599
Synthetic employment release,2024-01-04T12:00:00+00:00,DEMO_US,24,2024-01-04T12:00:00+00:00,2024-01-05T12:00:00+00:00,ok,0.006775555789397116
