event,event_timestamp_utc,instrument,horizon_hours,base_timestamp_utc,target_timestamp_utc,status,log_return
Synthetic policy announcement,2024-01-02T12:00:00+00:00,DEMO_ASIA,24,2024-01-02T12:00:00+00:00,2024-01-03T12:00:00+00:00,ok,0.011429171648509887
Synthetic policy announcement,2024-01-02T12:00:00+00:00,DEMO_EU,24,2024-01-02T12:00:00+00:00,2024-01-03T12:00:00+00:00,ok,0.006350073470101419
Synthetic policy announcement,2024-01-02T12:00:00+00:00,DEMO_US,24,2024-01-02T12:00:00+00:00,2024-01-03T12:00:00+00:00,ok,0.00387691099537899
Synthetic inflation release,2024-01-03T12:00:00+00:00,DEMO_ASIA,24,2024-01-03T12:00:00+00:00,2024-01-04T12:00:00+00:00,ok,0.009979321927210827
Synthetic inflation release,2024-01-03T12:00:00+00:00,DEMO_EU,24,2024-01-03T12:00:00+00:00,2024-01-04T12:00:00+00:00,ok,0.008489806081422514
Synthetic inflation release,2024-01-03T12:00:00+00:00,DEMO_US,24,2024-01-03T12:00:00+00:00,2024-01-04T12:00:00+00:00,ok,0.006123116542589736
Synthetic employment release,2024-01-04T12:00:00+00:00,DEMO_ASIA,24,2024-01-04T12:00:00+00:00,2024-01-05T12:00:00+00:00,ok,0.01313916597409085
Synthetic employment release,2024-01-04T12:00:00+00:00,DEMO_EU,24,2024-01-04T12:00:00+00:00,2024-01-05T12:00:00+00:00,ok,0.011654581228935599
Synthetic employment release,2024-01-04T12:00:00+00:00,DEMO_US,24,2024-01-04T12:00:00+00:00,2024-01-05T12:00:00+00:00,ok,0.006775555789397116
