instrument,timestamp_utc,close
DEMO_US,2024-01-02T00:00:00+00:00,100.0
DEMO_US,2024-01-02T01:00:00+00:00,100.188294
DEMO_US,2024-01-02T02:00:00+00:00,100.221859
DEMO_US,2024-01-02T03:00:00+00:00,100.088224
DEMO_US,2024-01-02T04:00:00+00:00,99.92864
DEMO_US,2024-01-02T05:00:00+00:00,99.908215
DEMO_US,2024-01-02T06:00:00+00:00,100.064117
DEMO_US,2024-01-02T07:00:00+00:00,100.271397
DEMO_US,2024-01-02T08:00:00+00:00,100.357872
DEMO_US,2024-01-02T09:00:00+00:00,100.262424
DEMO_US,2024-01-02T10:00:00+00:00,100.091196
DEMO_US,2024-01-02T11:00:00+00:00,100.020002
DEMO_US,2024-01-02T12:00:00+00:00,100.132685
DEMO_US,2024-01-02T13:00:00+00:00,100.344033
DEMO_US,2024-01-02T14:00:00+00:00,100.478121
DEMO_US,2024-01-02T15:00:00+00:00,100.430058
DEMO_US,2024-01-02T16:00:00+00:00,100.262419
DEMO_US,2024-01-02T17:00:00+00:00,100.147721
DEMO_US,2024-01-02T18:00:00+00:00,100.209803
DEMO_US,2024-01-02T19:00:00+00:00,100.409975
DEMO_US,2024-01-02T20:00:00+00:00,100.582589
DEMO_US,2024-01-02T21:00:00+00:00,100.587331
DEMO_US,2024-01-02T22:00:00+00:00,100.43823
DEMO_US,2024-01-02T23:00:00+00:00,100.290756
DEMO_US,2024-01-03T00:00:00+00:00,100.298884
DEMO_US,2024-01-03T01:00:00+00:00,100.47353
DEMO_US,2024-01-03T02:00:00+00:00,100.672512
DEMO_US,2024-01-03T03:00:00+00:00,100.731275
DEMO_US,2024-01-03T04:00:00+00:00,100.614181
DEMO_US,2024-01-03T05:00:00+00:00,100.447273
DEMO_US,2024-01-03T06:00:00+00:00,100.402394
DEMO_US,2024-01-03T07:00:00+00:00,100.539192
DEMO_US,2024-01-03T08:00:00+00:00,100.750285
DEMO_US,2024-01-03T09:00:00+00:00,100.859982
DEMO_US,2024-01-03T10:00:00+00:00,100.785817
DEMO_US,2024-01-03T11:00:00+00:00,100.614363
DEMO_US,2024-01-03T12:00:00+00:00,100.521644
DEMO_US,2024-01-03T13:00:00+00:00,100.611292
DEMO_US,2024-01-03T14:00:00+00:00,100.819274
DEMO_US,2024-01-03T15:00:00+00:00,100.972759
DEMO_US,2024-01-03T16:00:00+00:00,100.949023
DEMO_US,2024-01-03T17:00:00+00:00,100.788275
DEMO_US,2024-01-03T18:00:00+00:00,100.656696
DEMO_US,2024-01-03T19:00:00+00:00,100.693645
DEMO_US,2024-01-03T20:00:00+00:00,100.88354
DEMO_US,2024-01-03T21:00:00+00:00,101.070181
DEMO_US,2024-01-03T22:00:00+00:00,101.100358
DEMO_US,2024-01-03T23:00:00+00:00,100.964715
DEMO_US,2024-01-04T00:00:00+00:00,100.806349
DEMO_US,2024-01-04T01:00:00+00:00,100.789249
DEMO_US,2024-01-04T02:00:00+00:00,100.947525
DEMO_US,2024-01-04T03:00:00+00:00,101.154046
DEMO_US,2024-01-04T04:00:00+00:00,101.237326
DEMO_US,2024-01-04T05:00:00+00:00,101.139185
DEMO_US,2024-01-04T06:00:00+00:00,100.968242
DEMO_US,2024-01-04T07:00:00+00:00,100.900049
DEMO_US,2024-01-04T08:00:00+00:00,101.01569
DEMO_US,2024-01-04T09:00:00+00:00,101.227233
DEMO_US,2024-01-04T10:00:00+00:00,101.358575
DEMO_US,2024-01-04T11:00:00+00:00,101.307348
DEMO_US,2024-01-04T12:00:00+00:00,101.139038
DEMO_US,2024-01-04T13:00:00+00:00,101.026776
DEMO_US,2024-01-04T14:00:00+00:00,101.092164
DEMO_US,2024-01-04T15:00:00+00:00,101.293471
DEMO_US,2024-01-04T16:00:00+00:00,101.464005
DEMO_US,2024-01-04T17:00:00+00:00,101.465366
DEMO_US,2024-01-04T18:00:00+00:00,101.31469
DEMO_US,2024-01-04T19:00:00+00:00,101.168896
DEMO_US,2024-01-04T20:00:00+00:00,101.180414
DEMO_US,2024-01-04T21:00:00+00:00,101.357043
DEMO_US,2024-01-04T22:00:00+00:00,101.554778
DEMO_US,2024-01-04T23:00:00+00:00,101.610211
DEMO_US,2024-01-05T00:00:00+00:00,101.490765
DEMO_US,2024-01-05T01:00:00+00:00,101.324646
DEMO_US,2024-01-05T02:00:00+00:00,101.282971
DEMO_US,2024-01-05T03:00:00+00:00,101.422444
DEMO_US,2024-01-05T04:00:00+00:00,101.633222
DEMO_US,2024-01-05T05:00:00+00:00,101.739904
DEMO_US,2024-01-05T06:00:00+00:00,101.662796
DEMO_US,2024-01-05T07:00:00+00:00,101.491177
DEMO_US,2024-01-05T08:00:00+00:00,101.401222
DEMO_US,2024-01-05T09:00:00+00:00,101.494022
DEMO_US,2024-01-05T10:00:00+00:00,101.702646
DEMO_US,2024-01-05T11:00:00+00:00,101.853673
DEMO_US,2024-01-05T12:00:00+00:00,101.826638
DEMO_US,2024-01-05T13:00:00+00:00,101.664785
DEMO_US,2024-01-05T14:00:00+00:00,101.535308
DEMO_US,2024-01-05T15:00:00+00:00,101.575636
DEMO_US,2024-01-05T16:00:00+00:00,101.76708
DEMO_US,2024-01-05T17:00:00+00:00,101.952014
DEMO_US,2024-01-05T18:00:00+00:00,101.978799
DEMO_US,2024-01-05T19:00:00+00:00,101.841198
DEMO_US,2024-01-05T20:00:00+00:00,101.684107
DEMO_US,2024-01-05T21:00:00+00:00,101.670344
DEMO_US,2024-01-05T22:00:00+00:00,101.83095
DEMO_US,2024-01-05T23:00:00+00:00,102.036652
DEMO_EU,2024-01-02T00:00:00+00:00,200.504883
DEMO_EU,2024-01-02T01:00:00+00:00,200.625578
DEMO_EU,2024-01-02T02:00:00+00:00,200.244672
DEMO_EU,2024-01-02T03:00:00+00:00,199.785919
DEMO_EU,2024-01-02T04:00:00+00:00,199.744645
DEMO_EU,2024-01-02T05:00:00+00:00,200.232351
DEMO_EU,2024-01-02T06:00:00+00:00,200.874192
DEMO_EU,2024-01-02T07:00:00+00:00,201.153615
DEMO_EU,2024-01-02T08:00:00+00:00,200.887271
DEMO_EU,2024-01-02T09:00:00+00:00,200.393587
DEMO_EU,2024-01-02T10:00:00+00:00,200.200006
DEMO_EU,2024-01-02T11:00:00+00:00,200.558056
DEMO_EU,2024-01-02T12:00:00+00:00,201.2121
DEMO_EU,2024-01-02T13:00:00+00:00,201.634364
DEMO_EU,2024-01-02T14:00:00+00:00,201.510173
DEMO_EU,2024-01-02T15:00:00+00:00,201.027258
DEMO_EU,2024-01-02T16:00:00+00:00,200.703162
DEMO_EU,2024-01-02T17:00:00+00:00,200.909408
DEMO_EU,2024-01-02T18:00:00+00:00,201.529926
DEMO_EU,2024-01-02T19:00:00+00:00,202.067767
DEMO_EU,2024-01-02T20:00:00+00:00,202.101993
DEMO_EU,2024-01-02T21:00:00+00:00,201.674689
DEMO_EU,2024-01-02T22:00:00+00:00,201.252268
DEMO_EU,2024-01-02T23:00:00+00:00,201.296653
DEMO_EU,2024-01-03T00:00:00+00:00,201.840589
DEMO_EU,2024-01-03T01:00:00+00:00,202.457535
DEMO_EU,2024-01-03T02:00:00+00:00,202.653826
DEMO_EU,2024-01-03T03:00:00+00:00,202.322543
DEMO_EU,2024-01-03T04:00:00+00:00,201.84182
DEMO_EU,2024-01-03T05:00:00+00:00,201.727181
DEMO_EU,2024-01-03T06:00:00+00:00,202.157577
DEMO_EU,2024-01-03T07:00:00+00:00,202.810856
DEMO_EU,2024-01-03T08:00:00+00:00,203.159947
DEMO_EU,2024-01-03T09:00:00+00:00,202.95745
DEMO_EU,2024-01-03T10:00:00+00:00,202.46309
DEMO_EU,2024-01-03T11:00:00+00:00,202.204933
DEMO_EU,2024-01-03T12:00:00+00:00,202.493877
DEMO_EU,2024-01-03T13:00:00+00:00,203.137821
DEMO_EU,2024-01-03T14:00:00+00:00,203.618277
DEMO_EU,2024-01-03T15:00:00+00:00,203.567068
DEMO_EU,2024-01-03T16:00:00+00:00,203.104826
DEMO_EU,2024-01-03T17:00:00+00:00,202.730087
DEMO_EU,2024-01-03T18:00:00+00:00,202.860935
DEMO_EU,2024-01-03T19:00:00+00:00,203.450621
DEMO_EU,2024-01-03T20:00:00+00:00,204.030542
DEMO_EU,2024-01-03T21:00:00+00:00,204.141073
DEMO_EU,2024-01-03T22:00:00+00:00,203.754144
DEMO_EU,2024-01-03T23:00:00+00:00,203.299047
DEMO_EU,2024-01-04T00:00:00+00:00,203.267748
DEMO_EU,2024-01-04T01:00:00+00:00,203.762575
DEMO_EU,2024-01-04T02:00:00+00:00,204.402138
DEMO_EU,2024-01-04T03:00:00+00:00,204.671977
DEMO_EU,2024-01-04T04:00:00+00:00,204.397555
DEMO_EU,2024-01-04T05:00:00+00:00,203.904727
DEMO_EU,2024-01-04T06:00:00+00:00,203.720147
DEMO_EU,2024-01-04T07:00:00+00:00,204.087069
DEMO_EU,2024-01-04T08:00:00+00:00,204.741699
DEMO_EU,2024-01-04T09:00:00+00:00,205.155724
DEMO_EU,2024-01-04T10:00:00+00:00,205.022043
DEMO_EU,2024-01-04T11:00:00+00:00,204.537114
DEMO_EU,2024-01-04T12:00:00+00:00,204.220329
DEMO_EU,2024-01-04T13:00:00+00:00,204.436492
DEMO_EU,2024-01-04T14:00:00+00:00,205.060413
DEMO_EU,2024-01-04T15:00:00+00:00,205.592016
DEMO_EU,2024-01-04T16:00:00+00:00,205.616097
DEMO_EU,2024-01-04T17:00:00+00:00,205.184069
DEMO_EU,2024-01-04T18:00:00+00:00,204.766688
DEMO_EU,2024-01-04T19:00:00+00:00,204.821243
DEMO_EU,2024-01-04T20:00:00+00:00,205.371129
DEMO_EU,2024-01-04T21:00:00+00:00,205.984334
DEMO_EU,2024-01-04T22:00:00+00:00,206.170633
DEMO_EU,2024-01-04T23:00:00+00:00,205.832294
DEMO_EU,2024-01-05T00:00:00+00:00,205.353937
DEMO_EU,2024-01-05T01:00:00+00:00,205.248912
DEMO_EU,2024-01-05T02:00:00+00:00,205.687331
DEMO_EU,2024-01-05T03:00:00+00:00,206.339665
DEMO_EU,2024-01-05T04:00:00+00:00,206.679712
DEMO_EU,2024-01-05T05:00:00+00:00,206.468387
DEMO_EU,2024-01-05T06:00:00+00:00,205.973532
DEMO_EU,2024-01-05T07:00:00+00:00,205.723667
DEMO_EU,2024-01-05T08:00:00+00:00,206.022067
DEMO_EU,2024-01-05T09:00:00+00:00,206.667937
DEMO_EU,2024-01-05T10:00:00+00:00,207.141019
DEMO_EU,2024-01-05T11:00:00+00:00,207.079914
DEMO_EU,2024-01-05T12:00:00+00:00,206.614355
DEMO_EU,2024-01-05T13:00:00+00:00,206.245925
DEMO_EU,2024-01-05T14:00:00+00:00,206.386909
DEMO_EU,2024-01-05T15:00:00+00:00,206.981239
DEMO_EU,2024-01-05T16:00:00+00:00,207.556042
DEMO_EU,2024-01-05T17:00:00+00:00,207.656398
DEMO_EU,2024-01-05T18:00:00+00:00,207.263593
DEMO_EU,2024-01-05T19:00:00+00:00,206.81232
DEMO_EU,2024-01-05T20:00:00+00:00,206.791031
DEMO_EU,2024-01-05T21:00:00+00:00,207.292849
DEMO_EU,2024-01-05T22:00:00+00:00,207.929957
DEMO_EU,2024-01-05T23:00:00+00:00,208.190153
DEMO_ASIA,2024-01-02T00:00:00+00:00,301.091157
DEMO_ASIA,2024-01-02T01:00:00+00:00,300.349344
DEMO_ASIA,2024-01-02T02:00:00+00:00,299.451837
DEMO_ASIA,2024-01-02T03:00:00+00:00,299.389291
DEMO_ASIA,2024-01-02T04:00:00+00:00,300.384701
DEMO_ASIA,2024-01-02T05:00:00+00:00,301.688384
DEMO_ASIA,2024-01-02T06:00:00+00:00,302.26723
DEMO_ASIA,2024-01-02T07:00:00+00:00,301.754542
DEMO_ASIA,2024-01-02T08:00:00+00:00,300.787175
DEMO_ASIA,2024-01-02T09:00:00+00:00,300.420012
DEMO_ASIA,2024-01-02T10:00:00+00:00,301.156112
DEMO_ASIA,2024-01-02T11:00:00+00:00,302.4842
DEMO_ASIA,2024-01-02T12:00:00+00:00,303.348729
DEMO_ASIA,2024-01-02T13:00:00+00:00,303.120345
DEMO_ASIA,2024-01-02T14:00:00+00:00,302.174516
DEMO_ASIA,2024-01-02T15:00:00+00:00,301.546323
DEMO_ASIA,2024-01-02T16:00:00+00:00,301.978815
DEMO_ASIA,2024-01-02T17:00:00+00:00,303.239853
DEMO_ASIA,2024-01-02T18:00:00+00:00,304.335534
DEMO_ASIA,2024-01-02T19:00:00+00:00,304.423987
DEMO_ASIA,2024-01-02T20:00:00+00:00,303.589378
DEMO_ASIA,2024-01-02T21:00:00+00:00,302.764536
DEMO_ASIA,2024-01-02T22:00:00+00:00,302.873306
DEMO_ASIA,2024-01-02T23:00:00+00:00,303.981178
DEMO_ASIA,2024-01-03T00:00:00+00:00,305.23507
DEMO_ASIA,2024-01-03T01:00:00+00:00,305.647651
DEMO_ASIA,2024-01-03T02:00:00+00:00,305.005087
DEMO_ASIA,2024-01-03T03:00:00+00:00,304.063639
DEMO_ASIA,2024-01-03T04:00:00+00:00,303.854362
DEMO_ASIA,2024-01-03T05:00:00+00:00,304.735155
DEMO_ASIA,2024-01-03T06:00:00+00:00,306.061712
DEMO_ASIA,2024-01-03T07:00:00+00:00,306.779894
DEMO_ASIA,2024-01-03T08:00:00+00:00,306.394899
DEMO_ASIA,2024-01-03T09:00:00+00:00,305.426181
DEMO_ASIA,2024-01-03T10:00:00+00:00,304.929865
DEMO_ASIA,2024-01-03T11:00:00+00:00,305.527754
DEMO_ASIA,2024-01-03T12:00:00+00:00,306.835642
DEMO_ASIA,2024-01-03T13:00:00+00:00,307.816554
DEMO_ASIA,2024-01-03T14:00:00+00:00,307.734136
DEMO_ASIA,2024-01-03T15:00:00+00:00,306.829653
DEMO_ASIA,2024-01-03T16:00:00+00:00,306.100174
DEMO_ASIA,2024-01-03T17:00:00+00:00,306.38187
DEMO_ASIA,2024-01-03T18:00:00+00:00,307.581242
DEMO_ASIA,2024-01-03T19:00:00+00:00,308.761084
DEMO_ASIA,2024-01-03T20:00:00+00:00,309.002146
DEMO_ASIA,2024-01-03T21:00:00+00:00,308.248288
DEMO_ASIA,2024-01-03T22:00:00+00:00,307.358094
DEMO_ASIA,2024-01-03T23:00:00+00:00,307.315497
DEMO_ASIA,2024-01-04T00:00:00+00:00,308.32515
DEMO_ASIA,2024-01-04T01:00:00+00:00,309.624275
DEMO_ASIA,2024-01-04T02:00:00+00:00,310.183953
DEMO_ASIA,2024-01-04T03:00:00+00:00,309.65511
DEMO_ASIA,2024-01-04T04:00:00+00:00,308.689453
DEMO_ASIA,2024-01-04T05:00:00+00:00,308.340294
DEMO_ASIA,2024-01-04T06:00:00+00:00,309.094139
DEMO_ASIA,2024-01-04T07:00:00+00:00,310.423398
DEMO_ASIA,2024-01-04T08:00:00+00:00,311.271447
DEMO_ASIA,2024-01-04T09:00:00+00:00,311.024086
DEMO_ASIA,2024-01-04T10:00:00+00:00,310.074227
DEMO_ASIA,2024-01-04T11:00:00+00:00,309.460659
DEMO_ASIA,2024-01-04T12:00:00+00:00,309.912983
DEMO_ASIA,2024-01-04T13:00:00+00:00,311.180827
DEMO_ASIA,2024-01-04T14:00:00+00:00,312.264031
DEMO_ASIA,2024-01-04T15:00:00+00:00,312.332194
DEMO_ASIA,2024-01-04T16:00:00+00:00,311.488139
DEMO_ASIA,2024-01-04T17:00:00+00:00,310.673376
DEMO_ASIA,2024-01-04T18:00:00+00:00,310.802487
DEMO_ASIA,2024-01-04T19:00:00+00:00,311.922258
DEMO_ASIA,2024-01-04T20:00:00+00:00,313.168669
DEMO_ASIA,2024-01-04T21:00:00+00:00,313.561266
DEMO_ASIA,2024-01-04T22:00:00+00:00,312.904588
DEMO_ASIA,2024-01-04T23:00:00+00:00,311.967874
DEMO_ASIA,2024-01-05T00:00:00+00:00,311.777824
DEMO_ASIA,2024-01-05T01:00:00+00:00,312.674662
DEMO_ASIA,2024-01-05T02:00:00+00:00,313.999329
DEMO_ASIA,2024-01-05T03:00:00+00:00,314.699424
DEMO_ASIA,2024-01-05T04:00:00+00:00,314.296774
DEMO_ASIA,2024-01-05T05:00:00+00:00,313.327065
DEMO_ASIA,2024-01-05T06:00:00+00:00,312.847334
DEMO_ASIA,2024-01-05T07:00:00+00:00,313.464134
DEMO_ASIA,2024-01-05T08:00:00+00:00,314.775875
DEMO_ASIA,2024-01-05T09:00:00+00:00,315.742037
DEMO_ASIA,2024-01-05T10:00:00+00:00,315.639828
DEMO_ASIA,2024-01-05T11:00:00+00:00,314.728709
DEMO_ASIA,2024-01-05T12:00:00+00:00,314.01185
DEMO_ASIA,2024-01-05T13:00:00+00:00,314.313819
DEMO_ASIA,2024-01-05T14:00:00+00:00,315.522478
DEMO_ASIA,2024-01-05T15:00:00+00:00,316.692083
DEMO_ASIA,2024-01-05T16:00:00+00:00,316.912796
DEMO_ASIA,2024-01-05T17:00:00+00:00,316.147185
DEMO_ASIA,2024-01-05T18:00:00+00:00,315.264641
DEMO_ASIA,2024-01-05T19:00:00+00:00,315.242061
DEMO_ASIA,2024-01-05T20:00:00+00:00,316.265698
DEMO_ASIA,2024-01-05T21:00:00+00:00,317.559914
DEMO_ASIA,2024-01-05T22:00:00+00:00,318.100305
DEMO_ASIA,2024-01-05T23:00:00+00:00,317.555529
